dataset,n_train_pids,n_test_pids,ipcw_cindex
aids,326,141,0.8344567767244592
csl,312,134,0.45667490041653996
epileptic,423,182,0.6018176836515026
FRTCS,487,210,0.9831596891122499
heart,72,31,0.5070713424064266
heartvalve,179,77,0.6308397059921549
oldmort,3222,1381,0.5173264867905588
